plot_id, row, column
RPN0, 0, 0
RPN1, 0, 1
RPN2, 0, 2
RPN3, 0, 3
RPN4, 0, 4
RPN5, 0, 5
RPN6, 0, 6
RPN7, 0, 7
RPN8, 0, 8
RPN9, 0, 9
RPN10, 0, 10
RPN11, 1, 0
RPN12, 1, 1
RPN13, 1, 2
RPN14, 1, 3
RPN15, 1, 4
RPN16, 1, 5
RPN17, 1, 6
RPN18, 1, 7
RPN19, 1, 8
RPN20, 1, 9
RPN21, 1, 10
RPN22, 2, 0
RPN23, 2, 1
RPN24, 2, 2
RPN25, 2, 3
RPN26, 2, 4
RPN27, 2, 5
RPN28, 2, 6
RPN29, 2, 7
RPN30, 2, 8
RPN31, 2, 9
RPN32, 2, 10
RPN33, 3, 0
RPN34, 3, 1
RPN35, 3, 2
RPN36, 3, 3
RPN37, 3, 4
RPN38, 3, 5
RPN39, 3, 6
RPN40, 3, 7
RPN41, 3, 8
RPN42, 3, 9
RPN43, 3, 10
RPN44, 4, 0
RPN45, 4, 1
RPN46, 4, 2
RPN47, 4, 3
RPN48, 4, 4
RPN49, 4, 5
RPN50, 4, 6
RPN51, 4, 7
RPN52, 4, 8
RPN53, 4, 9
RPN54, 4, 10
RPN55, 5, 0
RPN56, 5, 1
RPN57, 5, 2
RPN58, 5, 3
RPN59, 5, 4
RPN60, 5, 5
RPN61, 5, 6
RPN62, 5, 7
RPN63, 5, 8
RPN64, 5, 9
RPN65, 5, 10
RPN66, 6, 0
RPN67, 6, 1
RPN68, 6, 2
RPN69, 6, 3
RPN70, 6, 4
RPN71, 6, 5
RPN72, 6, 6
RPN73, 6, 7
RPN74, 6, 8
RPN75, 6, 9
RPN76, 6, 10
RPN77, 7, 0
RPN78, 7, 1
RPN79, 7, 2
RPN80, 7, 3
RPN81, 7, 4
RPN82, 7, 5
RPN83, 7, 6
RPN84, 7, 7
RPN85, 7, 8
RPN86, 7, 9
RPN87, 7, 10
RPN88, 8, 0
RPN89, 8, 1
RPN90, 8, 2
RPN91, 8, 3
RPN92, 8, 4
RPN93, 8, 5
RPN94, 8, 6
RPN95, 8, 7
RPN96, 8, 8
RPN97, 8, 9
RPN98, 8, 10
RPN99, 9, 0
RPN100, 9, 1
RPN101, 9, 2
RPN102, 9, 3
RPN103, 9, 4
RPN104, 9, 5
RPN105, 9, 6
RPN106, 9, 7
RPN107, 9, 8
RPN108, 9, 9
RPN109, 9, 10
RPN110, 10, 0
RPN111, 10, 1
RPN112, 10, 2
RPN113, 10, 3
RPN114, 10, 4
RPN115, 10, 5
RPN116, 10, 6
RPN117, 10, 7
RPN118, 10, 8
RPN119, 10, 9
RPN120, 10, 10
RPN121, 11, 0
RPN122, 11, 1
RPN123, 11, 2
RPN124, 11, 3
RPN125, 11, 4
RPN126, 11, 5
RPN127, 11, 6
RPN128, 11, 7
RPN129, 11, 8
RPN130, 11, 9
RPN131, 11, 10
RPN132, 12, 0
RPN133, 12, 1
RPN134, 12, 2
RPN135, 12, 3
RPN136, 12, 4
RPN137, 12, 5
RPN138, 12, 6
RPN139, 12, 7
RPN140, 12, 8
RPN141, 12, 9
RPN142, 12, 10
RPN143, 13, 0
RPN144, 13, 1
RPN145, 13, 2
RPN146, 13, 3
RPN147, 13, 4
RPN148, 13, 5
RPN149, 13, 6
RPN150, 13, 7
RPN151, 13, 8
RPN152, 13, 9
RPN153, 13, 10
RPN154, 14, 0
RPN155, 14, 1
RPN156, 14, 2
RPN157, 14, 3
RPN158, 14, 4
RPN159, 14, 5
RPN160, 14, 6
RPN161, 14, 7
RPN162, 14, 8
RPN163, 14, 9
RPN164, 14, 10
RPN165, 15, 0
RPN166, 15, 1
RPN167, 15, 2
RPN168, 15, 3
RPN169, 15, 4
RPN170, 15, 5
RPN171, 15, 6
RPN172, 15, 7
RPN173, 15, 8
RPN174, 15, 9
RPN175, 15, 10
RPN176, 16, 0
RPN177, 16, 1
RPN178, 16, 2
RPN179, 16, 3
RPN180, 16, 4
RPN181, 16, 5
RPN182, 16, 6
RPN183, 16, 7
RPN184, 16, 8
RPN185, 16, 9
RPN186, 16, 10
RPN187, 17, 0
RPN188, 17, 1
RPN189, 17, 2
RPN190, 17, 3
RPN191, 17, 4
RPN192, 17, 5
RPN193, 17, 6
RPN194, 17, 7
RPN195, 17, 8
RPN196, 17, 9
RPN197, 17, 10
RPN198, 18, 0
RPN199, 18, 1
RPN200, 18, 2
RPN201, 18, 3
RPN202, 18, 4
RPN203, 18, 5
RPN204, 18, 6
RPN205, 18, 7
RPN206, 18, 8
RPN207, 18, 9
RPN208, 18, 10
RPN209, 19, 0
RPN210, 19, 1
RPN211, 19, 2
RPN212, 19, 3
RPN213, 19, 4
RPN214, 19, 5
RPN215, 19, 6
RPN216, 19, 7
RPN217, 19, 8
RPN218, 19, 9
RPN219, 19, 10
RPN220, 20, 0
RPN221, 20, 1
RPN222, 20, 2
RPN223, 20, 3
RPN224, 20, 4
RPN225, 20, 5
RPN226, 20, 6
RPN227, 20, 7
RPN228, 20, 8
RPN229, 20, 9
RPN230, 20, 10
RPN231, 21, 0
RPN232, 21, 1
RPN233, 21, 2
RPN234, 21, 3
RPN235, 21, 4
RPN236, 21, 5
RPN237, 21, 6
RPN238, 21, 7
RPN239, 21, 8
RPN240, 21, 9
RPN241, 21, 10
RPN242, 22, 0
RPN243, 22, 1
RPN244, 22, 2
RPN245, 22, 3
RPN246, 22, 4
RPN247, 22, 5
RPN248, 22, 6
RPN249, 22, 7
RPN250, 22, 8
RPN251, 22, 9
RPN252, 22, 10
RPN253, 23, 0
RPN254, 23, 1
RPN255, 23, 2
RPN256, 23, 3
RPN257, 23, 4
RPN258, 23, 5
RPN259, 23, 6
RPN260, 23, 7
RPN261, 23, 8
RPN262, 23, 9
RPN263, 23, 10
RPN264, 24, 0
RPN265, 24, 1
RPN266, 24, 2
RPN267, 24, 3
RPN268, 24, 4
RPN269, 24, 5
RPN270, 24, 6
RPN271, 24, 7
RPN272, 24, 8
RPN273, 24, 9
RPN274, 24, 10
RPN275, 25, 0
RPN276, 25, 1
RPN277, 25, 2
RPN278, 25, 3
RPN279, 25, 4
RPN280, 25, 5
RPN281, 25, 6
RPN282, 25, 7
RPN283, 25, 8
RPN284, 25, 9
RPN285, 25, 10
RPN286, 26, 0
RPN287, 26, 1
RPN288, 26, 2
RPN289, 26, 3
RPN290, 26, 4
RPN291, 26, 5
RPN292, 26, 6
RPN293, 26, 7
RPN294, 26, 8
RPN295, 26, 9
RPN296, 26, 10
RPN297, 27, 0
RPN298, 27, 1
RPN299, 27, 2
RPN300, 27, 3
RPN301, 27, 4
RPN302, 27, 5
RPN303, 27, 6
RPN304, 27, 7
RPN305, 27, 8
RPN306, 27, 9
RPN307, 27, 10
RPN308, 28, 0
RPN309, 28, 1
RPN310, 28, 2
RPN311, 28, 3
RPN312, 28, 4
RPN313, 28, 5
RPN314, 28, 6
RPN315, 28, 7
RPN316, 28, 8
RPN317, 28, 9
RPN318, 28, 10
RPN319, 29, 0
RPN320, 29, 1
RPN321, 29, 2
RPN322, 29, 3
RPN323, 29, 4
RPN324, 29, 5
RPN325, 29, 6
RPN326, 29, 7
RPN327, 29, 8
RPN328, 29, 9
RPN329, 29, 10
RPN330, 30, 0
RPN331, 30, 1
RPN332, 30, 2
RPN333, 30, 3
RPN334, 30, 4
RPN335, 30, 5
RPN336, 30, 6
RPN337, 30, 7
RPN338, 30, 8
RPN339, 30, 9
RPN340, 30, 10
RPN341, 31, 0
RPN342, 31, 1
RPN343, 31, 2
RPN344, 31, 3
RPN345, 31, 4
RPN346, 31, 5
RPN347, 31, 6
RPN348, 31, 7
RPN349, 31, 8
RPN350, 31, 9
RPN351, 31, 10
RPN352, 32, 0
RPN353, 32, 1
RPN354, 32, 2
RPN355, 32, 3
RPN356, 32, 4
RPN357, 32, 5
RPN358, 32, 6
RPN359, 32, 7
RPN360, 32, 8
RPN361, 32, 9
RPN362, 32, 10
RPN363, 33, 0
RPN364, 33, 1
RPN365, 33, 2
RPN366, 33, 3
RPN367, 33, 4
RPN368, 33, 5
RPN369, 33, 6
RPN370, 33, 7
RPN371, 33, 8
RPN372, 33, 9
RPN373, 33, 10
RPN374, 34, 0
RPN375, 34, 1
RPN376, 34, 2
RPN377, 34, 3
RPN378, 34, 4
RPN379, 34, 5
RPN380, 34, 6
RPN381, 34, 7
RPN382, 34, 8
RPN383, 34, 9
RPN384, 34, 10
RPN385, 35, 0
RPN386, 35, 1
RPN387, 35, 2
RPN388, 35, 3
RPN389, 35, 4
RPN390, 35, 5
RPN391, 35, 6
RPN392, 35, 7
RPN393, 35, 8
RPN394, 35, 9
RPN395, 35, 10
RPN396, 36, 0
RPN397, 36, 1
RPN398, 36, 2
RPN399, 36, 3
RPN400, 36, 4
RPN401, 36, 5
RPN402, 36, 6
RPN403, 36, 7
RPN404, 36, 8
RPN405, 36, 9
RPN406, 36, 10
RPN407, 37, 0
RPN408, 37, 1
RPN409, 37, 2
RPN410, 37, 3
RPN411, 37, 4
RPN412, 37, 5
RPN413, 37, 6
RPN414, 37, 7
RPN415, 37, 8
RPN416, 37, 9
RPN417, 37, 10
RPN418, 38, 0
RPN419, 38, 1
RPN420, 38, 2
RPN421, 38, 3
RPN422, 38, 4
RPN423, 38, 5
RPN424, 38, 6
RPN425, 38, 7
RPN426, 38, 8
RPN427, 38, 9
RPN428, 38, 10
RPN429, 39, 0
RPN430, 39, 1
RPN431, 39, 2
RPN432, 39, 3
RPN433, 39, 4
RPN434, 39, 5
RPN435, 39, 6
RPN436, 39, 7
RPN437, 39, 8
RPN438, 39, 9
RPN439, 39, 10
RPN440, 40, 0
RPN441, 40, 1
RPN442, 40, 2
RPN443, 40, 3
RPN444, 40, 4
RPN445, 40, 5
RPN446, 40, 6
RPN447, 40, 7
RPN448, 40, 8
RPN449, 40, 9
RPN450, 40, 10
RPN451, 41, 0
RPN452, 41, 1
RPN453, 41, 2
RPN454, 41, 3
RPN455, 41, 4
RPN456, 41, 5
RPN457, 41, 6
RPN458, 41, 7
RPN459, 41, 8
RPN460, 41, 9
RPN461, 41, 10
RPN462, 42, 0
RPN463, 42, 1
RPN464, 42, 2
RPN465, 42, 3
RPN466, 42, 4
RPN467, 42, 5
RPN468, 42, 6
RPN469, 42, 7
RPN470, 42, 8
RPN471, 42, 9
RPN472, 42, 10
RPN473, 43, 0
RPN474, 43, 1
RPN475, 43, 2
RPN476, 43, 3
RPN477, 43, 4
RPN478, 43, 5
RPN479, 43, 6
RPN480, 43, 7
RPN481, 43, 8
RPN482, 43, 9
RPN483, 43, 10
RPN484, 44, 0
RPN485, 44, 1
RPN486, 44, 2
RPN487, 44, 3
RPN488, 44, 4
RPN489, 44, 5
RPN490, 44, 6
RPN491, 44, 7
RPN492, 44, 8
RPN493, 44, 9
RPN494, 44, 10
RPN495, 45, 0
RPN496, 45, 1
RPN497, 45, 2
RPN498, 45, 3
RPN499, 45, 4
RPN500, 45, 5
RPN501, 45, 6
RPN502, 45, 7
RPN503, 45, 8
RPN504, 45, 9
RPN505, 45, 10
RPN506, 46, 0
RPN507, 46, 1
RPN508, 46, 2
RPN509, 46, 3
RPN510, 46, 4
RPN511, 46, 5
RPN512, 46, 6
RPN513, 46, 7
RPN514, 46, 8
RPN515, 46, 9
RPN516, 46, 10
RPN517, 47, 0
RPN518, 47, 1
RPN519, 47, 2
RPN520, 47, 3
RPN521, 47, 4
RPN522, 47, 5
RPN523, 47, 6
RPN524, 47, 7
RPN525, 47, 8
RPN526, 47, 9
RPN527, 47, 10
RPN528, 48, 0
RPN529, 48, 1
RPN530, 48, 2
RPN531, 48, 3
RPN532, 48, 4
RPN533, 48, 5
RPN534, 48, 6
RPN535, 48, 7
RPN536, 48, 8
RPN537, 48, 9
RPN538, 48, 10
RPN539, 49, 0
RPN540, 49, 1
RPN541, 49, 2
RPN542, 49, 3
RPN543, 49, 4
RPN544, 49, 5
RPN545, 49, 6
RPN546, 49, 7
RPN547, 49, 8
RPN548, 49, 9
RPN549, 49, 10
RPN550, 50, 0
RPN551, 50, 1
RPN552, 50, 2
RPN553, 50, 3
RPN554, 50, 4
RPN555, 50, 5
RPN556, 50, 6
RPN557, 50, 7
RPN558, 50, 8
RPN559, 50, 9
RPN560, 50, 10
RPN561, 51, 0
RPN562, 51, 1
RPN563, 51, 2
RPN564, 51, 3
RPN565, 51, 4
RPN566, 51, 5
RPN567, 51, 6
RPN568, 51, 7
RPN569, 51, 8
RPN570, 51, 9
RPN571, 51, 10
RPN572, 52, 0
RPN573, 52, 1
RPN574, 52, 2
RPN575, 52, 3
RPN576, 52, 4
RPN577, 52, 5
RPN578, 52, 6
RPN579, 52, 7
RPN580, 52, 8
RPN581, 52, 9
RPN582, 52, 10
RPN583, 53, 0
RPN584, 53, 1
RPN585, 53, 2
RPN586, 53, 3
RPN587, 53, 4
RPN588, 53, 5
RPN589, 53, 6
RPN590, 53, 7
RPN591, 53, 8
RPN592, 53, 9
RPN593, 53, 10
RPN594, 54, 0
RPN595, 54, 1
RPN596, 54, 2
RPN597, 54, 3
RPN598, 54, 4
RPN599, 54, 5
RPN600, 54, 6
RPN601, 54, 7
RPN602, 54, 8
RPN603, 54, 9
RPN604, 54, 10
RPN605, 55, 0
RPN606, 55, 1
RPN607, 55, 2
RPN608, 55, 3
RPN609, 55, 4
RPN610, 55, 5
RPN611, 55, 6
RPN612, 55, 7
RPN613, 55, 8
RPN614, 55, 9
RPN615, 55, 10
RPN616, 56, 0
RPN617, 56, 1
RPN618, 56, 2
RPN619, 56, 3
RPN620, 56, 4
RPN621, 56, 5
RPN622, 56, 6
RPN623, 56, 7
RPN624, 56, 8
RPN625, 56, 9
RPN626, 56, 10
RPN627, 57, 0
RPN628, 57, 1
RPN629, 57, 2
RPN630, 57, 3
RPN631, 57, 4
RPN632, 57, 5
RPN633, 57, 6
RPN634, 57, 7
RPN635, 57, 8
RPN636, 57, 9
RPN637, 57, 10
RPN638, 58, 0
RPN639, 58, 1
RPN640, 58, 2
RPN641, 58, 3
RPN642, 58, 4
RPN643, 58, 5
RPN644, 58, 6
RPN645, 58, 7
RPN646, 58, 8
RPN647, 58, 9
RPN648, 58, 10
RPN649, 59, 0
RPN650, 59, 1
RPN651, 59, 2
RPN652, 59, 3
RPN653, 59, 4
RPN654, 59, 5
RPN655, 59, 6
RPN656, 59, 7
RPN657, 59, 8
RPN658, 59, 9
RPN659, 59, 10
RPN660, 60, 0
RPN661, 60, 1
RPN662, 60, 2
RPN663, 60, 3
RPN664, 60, 4
RPN665, 60, 5
RPN666, 60, 6
RPN667, 60, 7
RPN668, 60, 8
RPN669, 60, 9
RPN670, 60, 10
RPN671, 61, 0
RPN672, 61, 1
RPN673, 61, 2
RPN674, 61, 3
RPN675, 61, 4
RPN676, 61, 5
RPN677, 61, 6
RPN678, 61, 7
RPN679, 61, 8
RPN680, 61, 9
RPN681, 61, 10
RPN682, 62, 0
RPN683, 62, 1
RPN684, 62, 2
RPN685, 62, 3
RPN686, 62, 4
RPN687, 62, 5
RPN688, 62, 6
RPN689, 62, 7
RPN690, 62, 8
RPN691, 62, 9
RPN692, 62, 10
RPN693, 63, 0
RPN694, 63, 1
RPN695, 63, 2
RPN696, 63, 3
RPN697, 63, 4
RPN698, 63, 5
RPN699, 63, 6
RPN700, 63, 7
RPN701, 63, 8
RPN702, 63, 9
RPN703, 63, 10
RPN704, 64, 0
RPN705, 64, 1
RPN706, 64, 2
RPN707, 64, 3
RPN708, 64, 4
RPN709, 64, 5
RPN710, 64, 6
RPN711, 64, 7
RPN712, 64, 8
RPN713, 64, 9
RPN714, 64, 10
RPN715, 65, 0
RPN716, 65, 1
RPN717, 65, 2
RPN718, 65, 3
RPN719, 65, 4
RPN720, 65, 5
RPN721, 65, 6
RPN722, 65, 7
RPN723, 65, 8
RPN724, 65, 9
RPN725, 65, 10
RPN726, 66, 0
RPN727, 66, 1
RPN728, 66, 2
RPN729, 66, 3
RPN730, 66, 4
RPN731, 66, 5
RPN732, 66, 6
RPN733, 66, 7
RPN734, 66, 8
RPN735, 66, 9
RPN736, 66, 10
RPN737, 67, 0
RPN738, 67, 1
RPN739, 67, 2
RPN740, 67, 3
RPN741, 67, 4
RPN742, 67, 5
RPN743, 67, 6
RPN744, 67, 7
RPN745, 67, 8
RPN746, 67, 9
RPN747, 67, 10
RPN748, 68, 0
RPN749, 68, 1
RPN750, 68, 2
RPN751, 68, 3
RPN752, 68, 4
RPN753, 68, 5
RPN754, 68, 6
RPN755, 68, 7
RPN756, 68, 8
RPN757, 68, 9
RPN758, 68, 10
RPN759, 69, 0
RPN760, 69, 1
RPN761, 69, 2
RPN762, 69, 3
RPN763, 69, 4
RPN764, 69, 5
RPN765, 69, 6
RPN766, 69, 7
RPN767, 69, 8
RPN768, 69, 9
RPN769, 69, 10
RPN770, 70, 0
RPN771, 70, 1
RPN772, 70, 2
RPN773, 70, 3
RPN774, 70, 4
RPN775, 70, 5
RPN776, 70, 6
RPN777, 70, 7
RPN778, 70, 8
RPN779, 70, 9
RPN780, 70, 10
RPN781, 71, 0
RPN782, 71, 1
RPN783, 71, 2
RPN784, 71, 3
RPN785, 71, 4
RPN786, 71, 5
RPN787, 71, 6
RPN788, 71, 7
RPN789, 71, 8
RPN790, 71, 9
RPN791, 71, 10
RPN792, 72, 0
RPN793, 72, 1
RPN794, 72, 2
RPN795, 72, 3
RPN796, 72, 4
RPN797, 72, 5
RPN798, 72, 6
RPN799, 72, 7
RPN800, 72, 8
RPN801, 72, 9
RPN802, 72, 10
RPN803, 73, 0
RPN804, 73, 1
RPN805, 73, 2
RPN806, 73, 3
RPN807, 73, 4
RPN808, 73, 5
RPN809, 73, 6
RPN810, 73, 7
RPN811, 73, 8
RPN812, 73, 9
RPN813, 73, 10
RPN814, 74, 0
RPN815, 74, 1
RPN816, 74, 2
RPN817, 74, 3
RPN818, 74, 4
RPN819, 74, 5
RPN820, 74, 6
RPN821, 74, 7
RPN822, 74, 8
RPN823, 74, 9
RPN824, 74, 10
RPN825, 75, 0
RPN826, 75, 1
RPN827, 75, 2
RPN828, 75, 3
RPN829, 75, 4
RPN830, 75, 5
RPN831, 75, 6
RPN832, 75, 7
RPN833, 75, 8
RPN834, 75, 9
RPN835, 75, 10
RPN836, 76, 0
RPN837, 76, 1
RPN838, 76, 2
RPN839, 76, 3
RPN840, 76, 4
RPN841, 76, 5
RPN842, 76, 6
RPN843, 76, 7
RPN844, 76, 8
RPN845, 76, 9
RPN846, 76, 10
RPN847, 77, 0
RPN848, 77, 1
RPN849, 77, 2
RPN850, 77, 3
RPN851, 77, 4
RPN852, 77, 5
RPN853, 77, 6
RPN854, 77, 7
RPN855, 77, 8
RPN856, 77, 9
RPN857, 77, 10
RPN858, 78, 0
RPN859, 78, 1
RPN860, 78, 2
RPN861, 78, 3
RPN862, 78, 4
RPN863, 78, 5
RPN864, 78, 6
RPN865, 78, 7
RPN866, 78, 8
RPN867, 78, 9
RPN868, 78, 10
RPN869, 79, 0
RPN870, 79, 1
RPN871, 79, 2
RPN872, 79, 3
RPN873, 79, 4
RPN874, 79, 5
RPN875, 79, 6
RPN876, 79, 7
RPN877, 79, 8
RPN878, 79, 9
RPN879, 79, 10
RPN880, 80, 0
RPN881, 80, 1
RPN882, 80, 2
RPN883, 80, 3
RPN884, 80, 4
RPN885, 80, 5
RPN886, 80, 6
RPN887, 80, 7
RPN888, 80, 8
RPN889, 80, 9
RPN890, 80, 10
RPN891, 81, 0
RPN892, 81, 1
RPN893, 81, 2
RPN894, 81, 3
RPN895, 81, 4
RPN896, 81, 5
RPN897, 81, 6
RPN898, 81, 7
RPN899, 81, 8
RPN900, 81, 9
RPN901, 81, 10
RPN902, 82, 0
RPN903, 82, 1
RPN904, 82, 2
RPN905, 82, 3
RPN906, 82, 4
RPN907, 82, 5
RPN908, 82, 6
RPN909, 82, 7
RPN910, 82, 8
RPN911, 82, 9
RPN912, 82, 10
RPN913, 83, 0
RPN914, 83, 1
RPN915, 83, 2
RPN916, 83, 3
RPN917, 83, 4
RPN918, 83, 5
RPN919, 83, 6
RPN920, 83, 7
RPN921, 83, 8
RPN922, 83, 9
RPN923, 83, 10
RPN924, 84, 0
RPN925, 84, 1
RPN926, 84, 2
RPN927, 84, 3
RPN928, 84, 4
RPN929, 84, 5
RPN930, 84, 6
RPN931, 84, 7
RPN932, 84, 8
RPN933, 84, 9
RPN934, 84, 10
RPN935, 85, 0
RPN936, 85, 1
RPN937, 85, 2
RPN938, 85, 3
RPN939, 85, 4
RPN940, 85, 5
RPN941, 85, 6
RPN942, 85, 7
RPN943, 85, 8
RPN944, 85, 9
RPN945, 85, 10
RPN946, 86, 0
RPN947, 86, 1
RPN948, 86, 2
RPN949, 86, 3
RPN950, 86, 4
RPN951, 86, 5
RPN952, 86, 6
RPN953, 86, 7
RPN954, 86, 8
RPN955, 86, 9
RPN956, 86, 10
RPN957, 87, 0
RPN958, 87, 1
RPN959, 87, 2
RPN960, 87, 3
RPN961, 87, 4
RPN962, 87, 5
RPN963, 87, 6
RPN964, 87, 7
RPN965, 87, 8
RPN966, 87, 9
RPN967, 87, 10
RPN968, 88, 0
RPN969, 88, 1
RPN970, 88, 2
RPN971, 88, 3
RPN972, 88, 4
RPN973, 88, 5
RPN974, 88, 6
RPN975, 88, 7
RPN976, 88, 8
RPN977, 88, 9
RPN978, 88, 10
RPN979, 89, 0
RPN980, 89, 1
RPN981, 89, 2
RPN982, 89, 3
RPN983, 89, 4
RPN984, 89, 5
RPN985, 89, 6
RPN986, 89, 7
RPN987, 89, 8
RPN988, 89, 9
RPN989, 89, 10
RPN990, 90, 0
RPN991, 90, 1
RPN992, 90, 2
RPN993, 90, 3
RPN994, 90, 4
RPN995, 90, 5
RPN996, 90, 6
RPN997, 90, 7
RPN998, 90, 8
RPN999, 90, 9
RPN1000, 90, 10
RPN1001, 91, 0
RPN1002, 91, 1
RPN1003, 91, 2
RPN1004, 91, 3
RPN1005, 91, 4
RPN1006, 91, 5
RPN1007, 91, 6
RPN1008, 91, 7
RPN1009, 91, 8
RPN1010, 91, 9
RPN1011, 91, 10
RPN1012, 92, 0
RPN1013, 92, 1
RPN1014, 92, 2
RPN1015, 92, 3
RPN1016, 92, 4
RPN1017, 92, 5
RPN1018, 92, 6
RPN1019, 92, 7
RPN1020, 92, 8
RPN1021, 92, 9
RPN1022, 92, 10
RPN1023, 93, 0
RPN1024, 93, 1
RPN1025, 93, 2
RPN1026, 93, 3
RPN1027, 93, 4
RPN1028, 93, 5
RPN1029, 93, 6
RPN1030, 93, 7
RPN1031, 93, 8
RPN1032, 93, 9
RPN1033, 93, 10
RPN1034, 94, 0
RPN1035, 94, 1
RPN1036, 94, 2
RPN1037, 94, 3
RPN1038, 94, 4
RPN1039, 94, 5
RPN1040, 94, 6
RPN1041, 94, 7
RPN1042, 94, 8
RPN1043, 94, 9
RPN1044, 94, 10
RPN1045, 95, 0
RPN1046, 95, 1
RPN1047, 95, 2
RPN1048, 95, 3
RPN1049, 95, 4
RPN1050, 95, 5
RPN1051, 95, 6
RPN1052, 95, 7
RPN1053, 95, 8
RPN1054, 95, 9
RPN1055, 95, 10
RPN1056, 96, 0
RPN1057, 96, 1
RPN1058, 96, 2
RPN1059, 96, 3
RPN1060, 96, 4
RPN1061, 96, 5
RPN1062, 96, 6
RPN1063, 96, 7
RPN1064, 96, 8
RPN1065, 96, 9
RPN1066, 96, 10
RPN1067, 97, 0
RPN1068, 97, 1
RPN1069, 97, 2
RPN1070, 97, 3
RPN1071, 97, 4
RPN1072, 97, 5
RPN1073, 97, 6
RPN1074, 97, 7
RPN1075, 97, 8
RPN1076, 97, 9
RPN1077, 97, 10
RPN1078, 98, 0
RPN1079, 98, 1
RPN1080, 98, 2
RPN1081, 98, 3
RPN1082, 98, 4
RPN1083, 98, 5
RPN1084, 98, 6
RPN1085, 98, 7
RPN1086, 98, 8
RPN1087, 98, 9
RPN1088, 98, 10
RPN1089, 99, 0
RPN1090, 99, 1
RPN1091, 99, 2
RPN1092, 99, 3
RPN1093, 99, 4
RPN1094, 99, 5
RPN1095, 99, 6
RPN1096, 99, 7
RPN1097, 99, 8
RPN1098, 99, 9
RPN1099, 99, 10
RPN1100, 100, 0
RPN1101, 100, 1
RPN1102, 100, 2
RPN1103, 100, 3
RPN1104, 100, 4
RPN1105, 100, 5
RPN1106, 100, 6
RPN1107, 100, 7
RPN1108, 100, 8
RPN1109, 100, 9
RPN1110, 100, 10